ID,NAME,ADDRESS,CITY,STATE,ZIP,Total Sales,SOURCE
1,Pawdacity,509 Fort St # A,Buffalo,WY,82834,185328,new sales
2,Pawdacity,601 SE Wyoming Blvd Unit 252,Casper,WY,82609,317736,new sales
3,Pawdacity,3769 E Lincolnway,Cheyenne,WY,82001,917892,new sales
4,Pawdacity,2625 Big Horn Ave,Cody,WY,82414,218376,new sales
5,Pawdacity,123 S 2nd St,Douglas,WY,82633,208008,new sales
6,Pawdacity,932 Main St,Evanston,WY,82930,283824,new sales
7,Pawdacity,200 E Lakeway Rd,Gillette,WY,82718,543132,new sales
8,Pawdacity,180 S Bent St,Powell,WY,82435,233928,new sales
9,Pawdacity,512 E Main St,Riverton,WY,82501,303264,new sales
10,Pawdacity,2706 Commercial Way,Rock Springs,WY,82901,253584,new sales
11,Pawdacity,1842 Sugarland Dr Ste 113,Sheridan,WY,82801,308232,new sales
